INSERT INTO users (user_id,role_type,user_email,user_name,user_password) VALUES (1,'ADMIN','admin@bonita.com','admin','password');
INSERT INTO users (user_id,role_type,user_email,user_name,user_password) VALUES (2,'CHEF','chef1@bonita.com','chef1','password');
INSERT INTO users (user_id,role_type,user_email,user_name,user_password) VALUES (3,'CHEF','chef2@bonita.com','chef2','password');
INSERT INTO users (user_id,role_type,user_email,user_name,user_password) VALUES (4,'USER','user1@bonita.com','user1','password');
INSERT INTO users (user_id,role_type,user_email,user_name,user_password) VALUES (5,'USER','user2@bonita.com','user2','password');

INSERT INTO recipes (recipe_id, recipe_name,author_id) VALUES (1, 'Recipe 1 by user 2',2);
INSERT INTO recipes (recipe_id, recipe_name,author_id) VALUES (2, 'Recipe 2 by user 2',2);
INSERT INTO recipes (recipe_id, recipe_name,author_id) VALUES (3, 'Recipe 3 by user 2',2);
INSERT INTO recipes (recipe_id, recipe_name,author_id) VALUES (4, 'Recipe 4 by user 3',3);
INSERT INTO recipes (recipe_id, recipe_name,author_id) VALUES (5, 'Recipe 5 by user 3',3);
INSERT INTO recipes (recipe_id, recipe_name,author_id) VALUES (6, 'Recipe 6 by user 3',3);

INSERT INTO ingredients (ingredient_id, ingredient) VALUES (1, 'Ingredient 1');
INSERT INTO ingredients (ingredient_id, ingredient) VALUES (2, 'Ingredient 2');
INSERT INTO ingredients (ingredient_id, ingredient) VALUES (3, 'Ingredient 3');
INSERT INTO ingredients (ingredient_id, ingredient) VALUES (4, 'Ingredient 4');
INSERT INTO ingredients (ingredient_id, ingredient) VALUES (5, 'Ingredient 5');
INSERT INTO ingredients (ingredient_id, ingredient) VALUES (6, 'Ingredient 6');
INSERT INTO ingredients (ingredient_id, ingredient) VALUES (7, 'Ingredient 7');
INSERT INTO ingredients (ingredient_id, ingredient) VALUES (8, 'Ingredient 8');
INSERT INTO ingredients (ingredient_id, ingredient) VALUES (9, 'Ingredient 9');
INSERT INTO ingredients (ingredient_id, ingredient) VALUES (10, 'Ingredient 10');
INSERT INTO ingredients (ingredient_id, ingredient) VALUES (11, 'Ingredient 11');
INSERT INTO ingredients (ingredient_id, ingredient) VALUES (12, 'Ingredient 12');

INSERT INTO ingredients_recipes (recipe_id,ingredient_id) VALUES (1, 1);
INSERT INTO ingredients_recipes (recipe_id,ingredient_id) VALUES (1, 2);
INSERT INTO ingredients_recipes (recipe_id,ingredient_id) VALUES (1, 3);
INSERT INTO ingredients_recipes (recipe_id,ingredient_id) VALUES (2, 2);
INSERT INTO ingredients_recipes (recipe_id,ingredient_id) VALUES (2, 3);
INSERT INTO ingredients_recipes (recipe_id,ingredient_id) VALUES (2, 4);
INSERT INTO ingredients_recipes (recipe_id,ingredient_id) VALUES (3, 4);
INSERT INTO ingredients_recipes (recipe_id,ingredient_id) VALUES (3, 5);
INSERT INTO ingredients_recipes (recipe_id,ingredient_id) VALUES (4, 6);
INSERT INTO ingredients_recipes (recipe_id,ingredient_id) VALUES (4, 7);
INSERT INTO ingredients_recipes (recipe_id,ingredient_id) VALUES (4, 8);
INSERT INTO ingredients_recipes (recipe_id,ingredient_id) VALUES (5, 2);
INSERT INTO ingredients_recipes (recipe_id,ingredient_id) VALUES (5, 7);
INSERT INTO ingredients_recipes (recipe_id,ingredient_id) VALUES (6, 9);
INSERT INTO ingredients_recipes (recipe_id,ingredient_id) VALUES (6, 10);
INSERT INTO ingredients_recipes (recipe_id,ingredient_id) VALUES (6, 11);
INSERT INTO ingredients_recipes (recipe_id,ingredient_id) VALUES (6, 12);

INSERT INTO keywords (keyword_id, keyword) VALUES(1, 'Keyword1');
INSERT INTO keywords (keyword_id, keyword) VALUES(2, 'Keyword2');
INSERT INTO keywords (keyword_id, keyword) VALUES(3, 'Keyword3');
INSERT INTO keywords (keyword_id, keyword) VALUES(4, 'Keyword4');
INSERT INTO keywords (keyword_id, keyword) VALUES(5, 'Keyword5');
INSERT INTO keywords (keyword_id, keyword) VALUES(6, 'Keyword6');
INSERT INTO keywords (keyword_id, keyword) VALUES(7, 'Keyword7');
INSERT INTO keywords (keyword_id, keyword) VALUES(8, 'Keyword8');
INSERT INTO keywords (keyword_id, keyword) VALUES(9, 'Keyword9');
INSERT INTO keywords (keyword_id, keyword) VALUES(10, 'Keyword10');
INSERT INTO keywords (keyword_id, keyword) VALUES(11, 'Keyword11');
INSERT INTO keywords (keyword_id, keyword) VALUES(12, 'Keyword12');

INSERT INTO keywords_recipes (recipe_id,keyword_id) VALUES (1, 1);
INSERT INTO keywords_recipes (recipe_id,keyword_id) VALUES (1, 2);
INSERT INTO keywords_recipes (recipe_id,keyword_id) VALUES (1, 3);
INSERT INTO keywords_recipes (recipe_id,keyword_id) VALUES (2, 2);
INSERT INTO keywords_recipes (recipe_id,keyword_id) VALUES (2, 3);
INSERT INTO keywords_recipes (recipe_id,keyword_id) VALUES (2, 4);
INSERT INTO keywords_recipes (recipe_id,keyword_id) VALUES (3, 4);
INSERT INTO keywords_recipes (recipe_id,keyword_id) VALUES (3, 5);
INSERT INTO keywords_recipes (recipe_id,keyword_id) VALUES (4, 6);
INSERT INTO keywords_recipes (recipe_id,keyword_id) VALUES (4, 7);
INSERT INTO keywords_recipes (recipe_id,keyword_id) VALUES (4, 8);
INSERT INTO keywords_recipes (recipe_id,keyword_id) VALUES (5, 2);
INSERT INTO keywords_recipes (recipe_id,keyword_id) VALUES (5, 7);
INSERT INTO keywords_recipes (recipe_id,keyword_id) VALUES (6, 9);
INSERT INTO keywords_recipes (recipe_id,keyword_id) VALUES (6, 10);
INSERT INTO keywords_recipes (recipe_id,keyword_id) VALUES (6, 11);
INSERT INTO keywords_recipes (recipe_id,keyword_id) VALUES (6, 12);

INSERT INTO comments (comment_id, user_comment, created, author_user_id, recipe_id) VALUES(1, 'Comment 1', '2022-05-14 22:54:15.842', 4, 1);
INSERT INTO comments (comment_id, user_comment, created, author_user_id, recipe_id) VALUES(2, 'Comment 2', '2022-05-14 22:54:15.842', 5, 1);
INSERT INTO comments (comment_id, user_comment, created, author_user_id, recipe_id) VALUES(3, 'Comment 3', '2022-05-14 22:54:15.842', 4, 1);
INSERT INTO comments (comment_id, user_comment, created, author_user_id, recipe_id) VALUES(4, 'Comment 4', '2022-05-14 22:54:15.842', 5, 1);
INSERT INTO comments (comment_id, user_comment, created, author_user_id, recipe_id) VALUES(5, 'Comment 5', '2022-05-14 22:54:15.842', 4, 2);
INSERT INTO comments (comment_id, user_comment, created, author_user_id, recipe_id) VALUES(6, 'Comment 6', '2022-05-14 22:54:15.842', 5, 2);
INSERT INTO comments (comment_id, user_comment, created, author_user_id, recipe_id) VALUES(7, 'Comment 7', '2022-05-14 22:54:15.842', 4, 3);
INSERT INTO comments (comment_id, user_comment, created, author_user_id, recipe_id) VALUES(8, 'Comment 8', '2022-05-14 22:54:15.842', 4, 3);
INSERT INTO comments (comment_id, user_comment, created, author_user_id, recipe_id) VALUES(9, 'Comment 9', '2022-05-14 22:54:15.842', 5, 4);
INSERT INTO comments (comment_id, user_comment, created, author_user_id, recipe_id) VALUES(10, 'Comment 10', '2022-05-14 22:54:15.842', 5, 5);
INSERT INTO comments (comment_id, user_comment, created, author_user_id, recipe_id) VALUES(11, 'Comment 11', '2022-05-14 22:54:15.842', 5, 5);
INSERT INTO comments (comment_id, user_comment, created, author_user_id, recipe_id) VALUES(12, 'Comment 12', '2022-05-14 22:54:15.842', 4, 5);
INSERT INTO comments (comment_id, user_comment, created, author_user_id, recipe_id) VALUES(13, 'Comment 13', '2022-05-14 22:54:15.842', 4, 5);
INSERT INTO comments (comment_id, user_comment, created, author_user_id, recipe_id) VALUES(14, 'Comment 14', '2022-05-14 22:54:15.842', 4, 6);
INSERT INTO comments (comment_id, user_comment, created, author_user_id, recipe_id) VALUES(15, 'Comment 15', '2022-05-14 22:54:15.842', 5, 6);
INSERT INTO comments (comment_id, user_comment, created, author_user_id, recipe_id) VALUES(16, 'Comment 16', '2022-05-14 22:54:15.842', 4, 6);
INSERT INTO comments (comment_id, user_comment, created, author_user_id, recipe_id) VALUES(17, 'Comment 17', '2022-05-14 22:54:15.842', 5, 6);
INSERT INTO comments (comment_id, user_comment, created, author_user_id, recipe_id) VALUES(18, 'Comment 18', '2022-05-14 22:54:15.842', 4, 6);
INSERT INTO comments (comment_id, user_comment, created, author_user_id, recipe_id) VALUES(19, 'Comment 19', '2022-05-14 22:54:15.842', 5, 6);
INSERT INTO comments (comment_id, user_comment, created, author_user_id, recipe_id) VALUES(20, 'Comment 20', '2022-05-14 22:54:15.842', 4, 6);
INSERT INTO comments (comment_id, user_comment, created, author_user_id, recipe_id) VALUES(21, 'Comment 21', '2022-05-14 22:54:15.842', 5, 6);
